,relationflareF,VarName2,VarName3,VarName4,VarName5,VarName6,VarName7,VarName8,VarName9,VarName10,VarName11,VarName12
0,1,4,1,3,1,1,1,1,0,0,0,1
1,4,3,1,3,1,1,2,1,0,0,0,1
2,5,3,1,3,1,1,2,1,0,0,0,1
3,4,4,1,2,1,1,1,1,0,0,0,1
4,5,4,1,1,1,1,2,1,0,0,0,1
5,1,3,1,2,1,1,2,1,0,0,0,1
6,6,3,1,3,1,1,2,1,0,0,0,1
7,1,3,1,3,1,1,2,1,0,0,0,1
8,6,3,1,3,1,1,2,1,0,0,0,1
9,1,3,1,2,1,1,2,1,0,0,0,1
10,6,3,1,3,1,1,2,1,0,0,0,1
11,5,3,2,2,1,1,2,1,0,0,0,1
12,6,3,1,3,1,1,2,1,0,0,0,1
13,6,3,1,2,1,1,2,1,0,0,0,1
14,4,2,1,3,1,1,2,1,1,0,0,1
15,6,3,1,2,1,1,2,1,0,0,0,1
16,6,3,1,2,1,2,2,1,0,0,0,1
17,5,4,1,2,1,1,2,1,0,0,0,1
18,6,3,2,2,1,2,2,1,0,0,0,1
19,4,3,1,3,1,1,2,1,5,0,0,1
20,6,3,1,2,1,2,2,1,0,0,0,1
21,6,3,1,3,1,1,2,1,0,0,0,1
22,6,3,1,3,1,1,2,1,0,0,0,1
23,4,3,1,3,1,1,2,1,0,0,0,1
24,6,3,1,1,1,2,2,1,0,0,0,1
25,6,3,1,1,1,1,2,1,0,0,0,1
26,4,2,2,1,1,2,2,1,0,0,0,1
27,6,3,1,3,1,1,2,1,0,0,0,1
28,4,2,1,3,1,2,2,1,0,0,0,1
29,6,3,1,2,1,1,2,1,0,0,0,1
30,4,3,1,3,1,1,2,1,0,0,0,1
31,1,1,1,3,1,1,2,1,3,1,0,1
32,1,4,1,2,1,1,1,1,1,0,0,1
33,6,3,1,2,1,2,2,1,1,0,0,1
34,6,3,1,3,1,1,2,1,0,0,0,1
35,6,3,1,2,1,1,2,1,0,0,0,1
36,3,2,2,3,1,2,2,1,2,0,0,1
37,1,2,1,3,1,2,2,1,0,0,0,1
38,6,3,1,3,1,1,2,1,0,0,0,1
39,1,3,2,3,3,2,2,1,2,0,0,1
40,5,3,2,3,1,2,2,1,5,0,0,1
41,5,2,2,3,1,2,2,1,0,0,0,1
42,4,3,1,3,1,1,2,1,0,0,0,1
43,1,2,2,3,1,2,2,1,0,0,0,1
44,1,2,2,3,1,2,2,1,4,4,0,1
45,5,4,1,3,1,1,1,1,0,0,0,1
46,4,3,1,3,1,1,2,1,1,1,0,1
47,5,3,1,3,1,2,2,1,0,0,0,1
48,6,3,1,2,1,1,2,1,0,0,0,1
49,1,2,2,2,1,2,2,1,0,0,0,1
50,1,2,2,3,3,2,2,1,6,0,0,1
51,5,4,1,1,1,1,1,1,0,0,0,1
52,5,2,2,3,1,1,2,1,0,0,0,1
53,5,3,2,3,2,1,2,1,1,0,0,1
54,4,3,1,3,1,1,2,1,0,0,0,1
55,5,3,1,3,1,2,2,1,0,0,0,1
56,5,3,1,3,1,1,2,1,0,0,0,1
57,5,3,1,2,1,2,2,1,0,0,0,1
58,3,1,2,3,3,2,2,2,6,0,0,1
59,4,4,1,3,1,1,1,1,0,0,0,1
60,1,3,1,2,1,2,2,1,2,0,0,1
61,5,2,1,3,1,1,2,1,1,0,0,1
62,5,3,1,2,1,1,2,1,0,0,0,1
63,6,3,1,3,1,1,2,1,1,0,0,1
64,5,3,1,2,1,2,2,1,1,0,0,1
65,1,2,1,3,1,1,2,1,0,0,0,1
66,5,3,1,2,1,2,2,1,0,0,0,1
67,3,1,2,3,1,2,2,2,0,0,0,0
68,4,3,1,2,1,1,2,1,0,0,0,1
69,6,3,1,3,1,1,2,1,1,0,0,1
70,5,3,1,2,1,2,2,1,0,0,0,1
71,1,4,1,2,1,2,2,1,0,0,0,1
72,1,3,1,3,1,2,2,1,0,0,0,1
73,3,1,2,2,1,2,2,1,4,0,0,0
74,5,2,2,2,1,2,2,1,0,0,0,1
75,6,3,1,2,1,1,2,1,0,0,0,1
76,4,3,1,3,1,1,2,1,0,0,0,1
77,6,3,1,3,1,1,2,1,1,0,0,1
78,6,3,1,3,1,1,2,1,0,0,0,1
79,4,4,1,2,1,2,2,1,0,0,0,1
80,1,4,1,2,1,2,2,1,0,0,0,1
81,5,3,1,2,1,2,2,1,1,0,0,1
82,4,3,1,2,1,1,2,1,0,0,0,1
83,1,1,2,3,1,1,2,1,2,0,0,1
84,6,3,1,1,1,1,2,1,0,0,0,1
85,1,2,2,3,1,1,2,1,2,0,0,1
86,5,3,1,3,1,2,2,1,1,0,0,1
87,1,1,2,3,1,2,2,2,2,0,0,0
88,5,3,1,2,1,2,2,1,0,0,0,1
89,1,2,2,3,1,2,2,1,3,0,0,1
90,6,3,1,3,1,1,2,1,0,0,0,1
91,1,2,2,3,1,2,2,1,0,0,0,1
92,1,2,2,2,1,2,2,1,2,0,0,0
93,5,4,1,1,1,2,2,1,1,0,0,1
94,1,2,2,2,1,2,2,1,0,0,0,1
95,6,3,1,2,1,1,2,1,0,0,0,1
96,5,2,2,2,1,2,2,1,0,0,0,1
97,1,1,2,2,1,2,2,1,1,0,0,0
98,5,4,1,2,1,2,2,1,0,0,0,1
99,1,3,1,2,1,2,2,1,1,0,0,1
100,6,3,1,3,1,1,2,1,0,0,0,1
101,5,3,1,3,1,1,2,1,1,0,0,1
102,5,4,1,2,1,2,2,1,0,0,0,1
103,1,2,2,2,1,2,2,1,0,0,0,0
104,1,3,1,2,1,2,2,1,0,0,0,1
105,5,2,1,2,1,2,2,1,0,0,0,1
106,1,3,1,3,1,1,2,1,2,0,0,1
107,5,4,1,2,1,1,1,1,0,0,0,1
108,5,3,1,1,1,2,2,1,0,0,0,1
109,5,2,2,3,1,2,2,1,0,0,0,1
110,5,3,1,2,1,1,2,1,0,0,0,1
111,1,2,1,2,1,2,2,1,0,0,0,1
112,5,4,1,2,1,1,2,1,2,0,0,1
113,1,3,1,3,1,1,2,1,0,0,0,1
114,2,4,1,2,1,1,1,1,0,0,0,1
115,6,3,1,3,1,1,2,1,0,0,0,1
116,5,3,1,3,1,1,2,1,0,0,0,1
117,2,4,1,3,1,1,1,1,0,0,0,1
118,5,4,1,2,1,1,1,1,1,0,0,1
119,6,3,1,3,1,1,2,1,0,0,0,1
120,4,3,1,2,1,1,2,1,3,0,0,1
121,4,3,1,2,1,1,2,1,0,0,0,1
122,5,3,2,2,1,1,2,1,0,0,0,1
123,5,4,1,2,1,1,1,1,0,0,0,1
124,6,3,1,3,1,1,2,1,0,0,0,1
125,4,1,2,3,1,1,2,1,0,0,0,1
126,4,2,1,3,1,1,2,1,0,0,0,1
127,5,4,1,1,1,2,2,1,0,0,0,1
128,5,3,1,2,1,1,2,1,0,0,0,1
129,3,3,1,2,1,1,2,1,2,0,0,1
130,6,3,1,2,1,1,2,1,0,0,0,1
131,1,2,1,3,1,2,2,1,0,0,0,1
132,4,3,1,3,1,1,2,1,0,0,0,1
133,5,4,1,2,1,1,2,1,0,0,0,1
134,5,3,1,2,1,1,2,1,0,0,0,1
135,5,3,1,3,1,1,2,1,0,0,0,1
136,3,1,1,3,1,2,2,2,2,1,0,1
137,4,3,1,3,1,2,2,2,0,0,0,1
138,5,4,1,1,1,1,2,1,0,0,0,1
139,5,3,2,1,1,1,2,1,0,0,0,1
140,5,4,1,1,1,1,1,1,0,0,0,1
141,6,3,1,3,1,1,2,1,0,0,0,1
142,1,1,2,1,3,2,2,1,5,0,0,1
143,1,3,1,1,1,2,2,1,3,0,0,1
144,4,4,1,3,1,1,2,1,0,0,0,1
145,5,4,1,2,1,1,1,1,0,0,0,1
146,5,4,1,2,1,1,1,1,0,0,0,1
147,5,4,1,3,1,1,2,1,0,0,0,1
148,2,4,1,3,1,1,2,1,0,0,0,1
149,5,4,1,3,1,1,1,1,0,0,0,1
150,3,1,2,3,3,2,2,2,1,0,0,0
151,1,3,2,2,1,2,2,1,1,0,0,1
152,5,3,1,3,1,1,2,1,1,0,0,1
153,5,4,1,3,1,1,1,1,0,0,0,1
154,5,3,1,3,1,1,2,1,0,0,0,1
155,5,4,1,2,1,1,2,1,0,0,0,1
156,2,3,1,3,1,1,2,1,1,0,0,1
157,6,3,1,1,1,1,2,1,0,0,0,1
158,1,3,2,2,1,2,2,1,0,0,0,1
159,5,2,1,3,1,1,2,1,0,0,0,1
160,5,4,1,3,1,1,1,1,0,0,0,1
161,1,3,1,3,1,1,2,1,1,0,0,1
162,5,4,1,2,1,1,2,1,0,0,0,1
163,5,3,2,3,1,1,2,1,1,0,0,1
164,5,3,1,2,1,1,2,1,0,0,0,1
165,3,2,2,2,1,2,2,2,1,0,0,0
166,4,3,2,2,1,2,2,1,0,0,0,1
167,5,3,1,3,1,1,2,1,0,0,0,1
168,5,4,1,1,1,1,2,1,0,0,0,1
169,1,2,1,2,1,2,2,1,2,0,0,0
170,5,3,1,3,1,1,2,1,0,0,0,1
171,1,3,2,3,1,1,2,1,0,0,0,1
172,5,3,1,2,1,1,2,1,3,0,0,1
173,5,4,1,2,1,1,2,1,0,0,0,1
174,5,4,1,3,1,1,2,1,0,0,0,1
175,4,2,2,2,1,1,2,1,0,0,0,1
176,1,2,1,3,1,1,2,1,0,0,0,1
177,1,3,2,2,3,2,2,1,0,0,0,1
178,1,3,1,2,1,1,2,1,0,0,0,1
179,4,3,1,3,1,1,2,1,1,0,0,1
180,5,4,1,2,1,1,2,1,0,0,0,1
181,5,4,1,2,1,1,2,1,0,0,0,1
182,3,2,2,3,1,2,2,2,3,0,0,0
183,1,2,1,2,1,2,2,1,0,0,0,1
184,1,2,1,3,1,2,2,1,0,0,0,1
185,6,2,1,2,1,2,2,1,0,1,0,1
186,1,3,1,3,1,1,2,1,0,0,0,1
187,1,3,2,3,1,1,2,1,0,0,0,1
188,6,3,1,3,1,1,2,1,1,0,0,1
189,6,3,1,2,1,1,2,1,0,0,0,1
190,5,4,1,3,1,1,2,1,0,0,0,1
191,5,4,1,2,1,1,2,1,0,0,0,1
192,3,2,2,2,3,2,2,1,0,0,0,0
193,1,2,1,2,1,2,2,1,0,0,0,1
194,1,3,1,2,1,1,2,1,0,0,0,1
195,1,3,2,3,1,1,2,1,0,0,0,1
196,6,3,1,2,1,1,2,1,0,0,0,1
197,4,3,1,2,1,1,2,1,0,0,0,1
198,4,4,1,2,1,1,1,1,0,0,0,1
199,5,4,1,2,1,1,1,1,0,0,0,1
200,5,3,1,1,1,2,2,1,0,0,0,0
201,4,2,2,2,1,2,2,1,0,0,0,1
202,4,3,1,2,1,2,2,1,1,0,0,1
203,1,4,2,3,2,2,2,1,0,0,0,1
204,1,4,1,2,1,1,2,1,0,0,0,1
205,1,2,1,2,1,1,2,1,0,0,0,1
206,4,3,1,3,1,1,2,1,0,0,0,1
207,4,3,1,3,1,1,2,1,0,0,0,1
208,5,4,1,2,1,2,1,1,0,0,0,1
209,4,3,1,3,1,1,2,1,0,0,0,1
210,4,3,1,3,1,1,2,1,0,0,0,1
211,4,3,1,1,1,2,2,1,0,0,0,1
212,5,4,1,2,1,2,2,1,0,0,0,1
213,1,4,1,3,1,1,2,1,0,0,0,1
214,5,2,1,2,1,2,2,1,0,3,0,1
215,6,3,1,3,1,1,2,1,0,0,0,1
216,6,2,1,3,1,1,2,1,0,0,0,1
217,5,2,1,3,1,1,2,1,0,0,0,1
218,4,4,1,3,1,1,2,1,0,0,0,1
219,1,4,1,2,1,2,1,1,0,0,0,1
220,4,4,1,2,1,1,2,1,0,0,0,1
221,6,3,1,3,1,1,2,1,0,0,0,1
222,6,3,1,3,1,1,2,1,0,0,0,1
223,6,3,1,3,1,1,2,1,0,0,0,1
224,4,4,1,2,1,2,2,1,0,0,0,1
225,4,3,1,1,1,1,2,1,0,0,0,1
226,5,3,1,2,1,2,2,1,0,0,0,1
227,4,3,1,2,1,2,2,1,0,0,0,1
228,4,3,1,3,1,1,2,1,0,0,0,1
229,1,3,1,3,1,2,2,1,0,0,0,1
230,4,3,1,3,1,1,2,1,0,0,0,1
231,4,4,1,1,1,1,2,1,0,0,0,1
232,4,2,1,3,1,1,2,1,2,0,0,1
233,1,3,1,3,1,2,2,1,0,0,0,1
234,6,3,1,3,1,1,2,1,0,0,0,1
235,5,3,2,2,3,2,2,1,1,0,0,1
236,4,4,1,3,1,1,2,1,0,0,0,1
237,4,3,1,2,1,1,2,1,0,0,0,1
238,1,4,1,2,1,2,2,1,0,0,0,1
239,4,3,1,3,1,1,2,1,0,0,0,1
240,6,3,1,3,1,1,2,1,0,0,0,1
241,4,2,1,3,1,1,2,1,2,0,0,1
242,1,4,1,2,1,2,2,1,0,1,0,1
243,4,3,1,3,1,1,2,1,0,0,0,1
244,5,4,1,3,1,2,2,1,0,0,0,1
245,6,3,1,2,1,1,2,1,0,0,0,1
246,5,4,1,2,1,1,2,1,0,0,0,1
247,5,3,1,2,1,2,2,1,0,0,0,1
248,4,3,1,1,1,1,2,1,0,0,0,1
249,4,4,1,3,1,1,2,1,0,0,0,1
250,1,2,2,3,1,2,2,1,1,0,0,1
251,4,2,1,2,1,2,2,1,0,0,0,1
252,4,3,1,2,1,1,2,1,0,0,0,1
253,6,3,1,3,1,1,2,1,0,0,0,1
254,5,3,1,2,1,1,2,1,1,0,0,1
255,5,4,2,2,1,2,2,1,0,0,0,1
256,6,3,1,3,1,1,2,1,0,0,0,1
257,5,3,1,3,1,2,2,1,0,0,0,1
258,1,2,1,3,1,1,2,1,0,0,0,1
259,4,2,2,3,2,2,2,1,0,0,0,1
260,5,3,1,3,1,1,2,1,0,1,0,1
261,5,4,1,2,1,2,2,1,0,0,0,1
262,4,3,1,2,1,2,2,1,0,0,0,1
263,1,2,1,2,1,2,2,1,0,0,0,1
264,6,3,1,2,1,2,2,1,0,0,0,1
265,1,2,2,3,1,1,2,1,0,0,0,1
266,4,3,1,3,1,1,2,1,0,0,0,1
267,1,3,1,3,1,2,2,1,0,0,0,1
268,4,2,1,2,1,2,2,1,0,0,0,1
269,4,3,1,2,1,2,2,1,0,0,0,1
270,6,2,1,3,1,2,2,1,0,0,0,1
271,4,3,1,3,1,1,2,1,1,0,0,1
272,6,3,1,3,1,1,2,1,0,0,0,1
273,4,3,1,3,1,1,2,1,0,0,0,1
274,6,3,1,1,1,2,2,1,0,0,0,1
275,1,3,1,2,1,2,2,1,0,0,0,1
276,1,2,1,2,1,2,2,1,4,0,0,1
277,4,3,1,1,1,1,2,1,0,0,0,1
278,4,3,1,1,1,1,2,1,0,0,0,1
279,1,4,1,2,1,2,2,1,0,0,0,1
280,4,3,1,2,1,2,2,1,0,0,0,1
281,5,3,2,3,1,2,2,1,1,0,0,1
282,6,3,2,3,1,1,2,1,0,0,0,1
283,5,3,1,3,1,1,2,1,0,0,0,1
284,6,3,1,3,1,1,2,1,0,0,0,1
285,5,4,1,2,1,2,2,1,0,0,0,1
286,4,3,1,2,1,1,2,1,0,0,0,1
287,5,4,1,2,1,1,1,1,0,0,0,1
288,5,4,1,3,1,2,2,1,0,0,0,1
289,3,2,2,3,2,2,2,1,2,0,0,1
290,6,3,1,2,1,1,2,1,0,0,0,1
291,6,2,1,2,1,1,2,1,0,0,0,1
292,6,3,1,2,1,1,2,1,0,0,0,1
293,5,4,1,2,1,1,1,1,0,0,0,1
294,5,4,1,2,1,1,1,1,0,1,0,1
295,3,2,1,3,1,2,2,1,4,0,0,1
296,6,3,1,1,1,1,2,1,0,0,0,1
297,5,3,2,3,3,1,2,1,0,1,0,1
298,6,3,1,3,1,1,2,1,0,0,0,1
299,4,3,1,2,1,1,2,1,0,0,0,1
300,3,2,2,3,1,2,2,1,3,1,0,1
301,5,4,1,2,1,1,1,1,0,0,0,1
302,5,3,1,3,1,1,2,1,0,0,0,1
303,6,3,1,3,1,1,2,1,0,0,0,1
304,4,3,1,3,1,1,2,1,0,0,0,1
305,4,3,1,3,1,1,2,1,0,0,0,1
306,4,3,1,3,1,1,2,1,0,0,0,1
307,3,2,2,2,1,2,2,1,1,0,0,1
308,1,2,1,3,1,1,2,1,0,0,0,1
309,5,4,1,2,1,1,1,1,0,0,0,1
310,5,3,2,2,2,1,2,1,0,0,0,1
311,4,3,1,2,1,1,2,1,0,0,0,1
312,6,3,1,2,1,1,2,1,0,0,0,1
313,6,3,1,2,1,1,2,1,0,0,0,1
314,6,3,1,3,1,1,2,1,1,0,0,1
315,6,3,1,3,1,1,2,1,0,0,0,1
316,5,3,1,2,1,1,2,1,1,0,0,1
317,1,2,2,2,3,2,2,1,0,0,0,1
318,1,2,1,2,1,2,2,1,0,0,0,1
319,5,3,1,3,1,1,2,1,0,0,0,1
320,4,4,1,3,1,1,2,1,0,0,0,1
321,6,3,1,2,1,1,2,1,0,0,0,1
322,1,2,1,3,1,1,2,1,0,0,0,1
323,5,4,1,2,1,1,1,1,0,0,0,1
324,4,3,1,3,1,1,2,1,1,0,0,1
325,1,4,1,1,1,2,2,1,0,0,0,1
326,5,4,1,1,1,1,2,1,0,0,0,1
327,1,2,1,3,1,2,2,1,0,0,0,1
328,5,4,1,1,1,1,2,1,0,0,0,1
329,5,3,1,2,1,1,2,1,0,0,0,1
330,5,2,2,3,1,1,2,1,0,0,0,1
331,5,4,1,3,1,1,1,1,0,0,0,1
332,4,3,1,2,1,1,2,1,0,0,0,1
333,4,3,1,3,1,1,2,1,0,0,0,1
334,5,4,1,3,1,1,2,1,0,0,0,1
335,5,4,1,2,1,1,1,1,0,0,0,1
336,6,3,1,2,1,1,2,1,0,0,0,1
337,1,2,1,3,1,2,2,1,1,0,0,1
338,5,3,1,3,1,1,2,1,0,0,0,1
339,4,4,1,1,1,1,2,1,0,0,0,1
340,1,2,1,2,1,2,2,1,0,0,0,1
341,5,4,1,2,1,1,1,1,0,0,0,1
342,4,3,1,3,1,1,2,1,0,0,0,1
343,5,2,1,3,1,1,2,1,1,0,0,1
344,4,4,1,2,1,1,1,1,0,0,0,1
345,4,4,1,2,1,1,2,1,0,0,0,1
346,1,1,1,3,1,2,2,1,0,0,0,1
347,1,3,1,3,1,1,2,1,0,0,0,1
348,5,3,1,3,1,1,2,1,0,0,0,1
349,5,4,2,2,1,1,2,1,0,0,0,1
350,4,3,1,3,1,2,2,1,0,0,0,1
351,5,3,1,2,1,2,2,1,0,0,0,1
352,2,4,1,2,1,1,1,1,0,0,0,1
353,4,3,1,3,1,1,2,1,0,0,0,1
354,5,2,1,3,1,2,2,1,1,0,0,1
355,4,3,1,3,1,1,2,1,0,1,0,1
356,4,4,1,3,1,1,2,1,0,0,0,1
357,5,4,1,2,1,2,1,1,0,0,0,1
358,5,4,1,2,1,1,1,1,0,0,0,1
359,1,3,1,1,1,2,2,1,0,0,0,1
360,5,2,1,3,1,1,2,1,0,0,0,1
361,4,2,1,3,1,2,2,1,0,0,0,1
362,6,3,1,2,1,1,2,1,0,0,0,1
363,4,3,1,3,1,1,2,1,0,1,0,1
364,4,3,1,3,1,1,2,1,0,0,0,1
365,5,2,1,3,1,2,2,1,0,0,0,1
366,1,2,1,3,1,2,2,1,0,0,0,1
367,4,3,1,3,1,1,2,1,0,0,0,1
368,4,3,1,2,1,2,2,1,0,0,0,1
369,5,4,1,3,1,1,1,1,0,0,0,1
370,4,3,1,3,1,1,2,1,0,0,0,1
371,1,2,2,3,3,1,2,1,1,0,0,1
372,6,3,1,2,1,1,2,1,0,0,0,1
373,1,4,1,3,1,2,1,1,0,0,0,1
374,1,2,1,3,1,2,2,1,3,0,0,1
375,4,3,1,2,1,1,2,1,0,0,0,1
376,5,3,1,1,1,2,2,1,0,0,0,1
377,5,4,1,2,1,1,2,1,0,0,0,1
378,4,3,1,1,1,2,2,1,0,0,0,1
379,4,3,1,2,1,1,2,1,0,0,0,1
380,6,3,1,2,1,2,2,1,0,0,0,1
381,4,3,1,2,1,1,2,1,0,0,0,1
382,1,3,2,2,1,2,2,1,4,0,0,1
383,1,2,1,3,1,2,2,1,0,0,0,1
384,1,4,1,3,1,2,1,1,0,0,0,1
385,1,2,2,3,1,2,2,1,0,1,0,1
386,5,3,1,2,1,2,2,1,0,0,0,1
387,5,4,1,2,1,1,2,1,0,0,0,1
388,4,3,1,3,1,2,2,1,0,0,0,1
389,5,4,1,2,1,1,1,1,0,0,0,1
390,1,3,1,1,1,1,2,1,0,0,0,1
391,1,2,1,2,1,2,2,1,0,0,0,1
392,1,4,1,2,1,2,1,1,0,0,0,1
393,1,1,2,2,3,2,2,1,0,0,0,1
394,5,2,1,2,1,2,2,1,0,0,0,1
395,4,4,1,2,1,1,1,1,0,0,0,1
396,5,4,1,3,1,1,2,1,0,0,0,1
397,1,2,1,3,1,2,2,1,0,1,0,1
398,5,4,1,3,1,1,1,1,0,0,0,1
399,1,3,2,3,1,2,2,1,0,0,0,1
400,1,3,1,2,1,2,2,1,1,0,0,1
401,1,3,1,2,1,2,2,1,0,0,0,1
402,1,1,1,2,1,2,2,1,0,0,0,1
403,5,2,1,3,1,2,2,1,5,1,0,1
404,4,4,1,3,1,1,1,1,0,0,0,1
405,4,2,1,3,1,1,2,1,1,0,0,1
406,5,4,1,3,1,1,1,1,0,0,0,1
407,5,4,1,3,1,2,1,1,0,0,0,1
408,5,2,1,3,1,2,2,1,0,0,0,1
409,5,4,1,2,1,1,1,1,0,0,0,1
410,1,4,1,2,1,2,2,1,0,0,0,1
411,1,2,1,2,1,2,2,1,4,0,0,0
412,1,2,1,2,1,2,2,1,0,0,0,1
413,1,2,1,3,1,2,2,1,0,0,0,1
414,5,4,1,2,1,1,1,1,1,0,0,1
415,6,3,1,3,1,1,2,1,0,0,0,1
416,5,3,1,1,3,2,2,1,0,0,0,1
417,5,4,1,2,1,1,1,1,0,0,0,1
418,5,4,1,3,1,1,1,1,0,0,0,1
419,4,2,1,3,1,1,2,1,0,0,0,1
420,5,4,1,2,1,1,1,1,0,0,0,1
421,1,2,2,2,1,2,2,1,0,0,0,0
422,5,4,1,3,1,2,2,1,1,0,0,1
423,1,2,1,3,1,2,2,1,0,0,0,1
424,5,4,1,2,1,2,1,1,0,0,0,1
425,4,2,1,3,1,2,2,1,0,0,0,1
426,4,3,1,3,1,1,2,1,0,0,0,1
427,5,4,1,2,1,1,1,1,0,0,0,1
428,1,2,1,1,1,2,2,1,0,0,0,0
429,4,4,1,1,1,2,2,1,0,0,0,1
430,5,4,2,3,1,2,2,1,0,0,0,1
431,5,2,2,2,1,2,2,1,3,0,0,1
432,5,4,1,3,1,1,1,1,0,0,0,1
433,4,2,1,2,1,2,2,1,0,0,0,1
434,4,4,1,2,1,2,1,1,0,0,0,1
435,1,3,1,2,1,2,2,1,0,0,0,1
436,4,4,1,1,1,1,2,1,0,0,0,1
437,6,3,1,2,1,1,2,1,0,0,0,1
438,5,4,1,2,1,2,1,1,0,0,0,1
439,5,4,1,2,1,2,2,1,0,0,0,1
440,5,2,2,2,1,2,2,1,0,0,0,1
441,5,3,2,2,1,1,2,1,0,0,0,1
442,5,4,1,2,1,2,1,1,0,0,0,1
443,6,3,1,3,1,1,2,1,0,0,0,1
444,5,4,1,3,1,1,1,1,0,0,0,1
445,5,4,1,2,1,2,2,1,0,0,0,1
446,1,2,2,2,1,2,2,1,1,0,0,1
447,6,3,1,2,1,2,2,1,0,0,0,1
448,4,3,1,3,1,1,2,1,0,0,0,1
449,5,3,2,3,1,2,2,1,0,0,0,1
450,2,3,1,3,1,1,2,1,0,0,0,1
451,4,3,1,3,1,1,2,1,0,0,0,1
452,5,3,1,2,1,1,2,1,0,0,0,1
453,5,4,1,2,1,2,2,1,0,0,0,1
454,5,4,1,2,1,1,2,1,0,0,0,1
455,5,3,1,3,1,2,2,1,0,0,0,1
456,5,2,1,3,1,1,2,1,0,0,0,1
457,4,4,1,2,1,1,2,1,0,0,0,1
458,5,4,1,2,1,2,2,1,0,0,0,1
459,5,4,1,2,1,1,2,1,0,0,0,1
460,4,4,1,3,1,2,1,1,0,0,0,1
461,6,3,1,3,1,1,2,1,0,0,0,1
462,5,3,1,2,1,2,2,1,1,0,0,1
463,5,3,1,2,1,1,2,1,0,0,0,1
464,4,3,1,3,1,1,2,1,0,0,0,1
465,5,3,1,1,1,1,2,1,0,0,0,1
466,6,3,1,3,1,1,2,1,0,0,0,1
467,5,3,1,2,1,1,2,1,1,0,0,1
468,5,4,1,2,1,1,2,1,0,0,0,1
469,5,4,1,3,1,2,1,1,0,0,0,1
470,5,3,1,3,1,1,2,1,1,0,0,1
471,5,3,1,3,1,2,2,1,2,1,0,1
472,5,4,1,3,1,1,2,1,1,0,0,1
473,4,3,1,2,1,1,2,1,0,0,0,1
474,5,3,1,3,1,1,2,1,0,0,0,1
475,5,4,2,3,1,1,2,1,0,0,0,1
476,1,3,1,2,1,2,2,1,1,0,0,1
477,5,4,1,2,1,1,2,1,0,0,0,1
478,5,4,1,2,1,2,1,1,0,0,0,1
479,5,2,1,3,1,1,2,1,0,0,0,1
480,1,2,2,2,1,2,2,1,1,0,0,1
481,4,4,1,2,1,1,2,1,0,0,0,1
482,4,2,1,2,1,1,2,1,2,0,0,1
483,5,4,1,2,1,1,2,1,0,0,0,1
484,5,4,1,2,1,1,2,1,0,0,0,1
485,1,3,1,3,1,2,2,1,0,0,0,1
486,1,2,2,2,1,2,2,1,2,0,0,1
487,2,3,1,2,1,1,2,1,0,0,0,0
488,4,3,1,3,1,1,2,1,0,0,0,1
489,5,3,1,2,1,1,2,1,0,0,0,1
490,4,4,1,2,1,1,2,1,0,0,0,1
491,4,4,1,3,1,1,1,1,0,0,0,1
492,5,3,1,3,1,1,2,1,0,0,0,1
493,5,2,1,1,1,2,2,1,0,0,0,1
494,4,2,1,2,1,2,2,1,1,0,0,1
495,5,3,1,3,1,1,2,1,0,0,0,1
496,6,2,2,2,1,2,2,1,0,0,0,1
497,5,4,1,3,1,1,2,1,0,0,0,1
498,6,3,1,3,1,1,2,1,0,0,0,1
499,4,4,2,1,1,2,2,1,0,0,0,1
500,5,3,1,2,1,2,2,1,0,0,0,1
501,5,4,1,2,1,1,2,1,0,0,0,1
502,6,2,1,2,1,2,2,1,1,0,0,1
503,5,3,1,2,1,1,2,1,0,0,0,1
504,6,3,1,3,1,1,2,1,0,0,0,1
505,1,3,1,3,1,1,2,1,0,0,0,1
506,5,3,1,2,1,1,2,1,0,0,0,1
507,6,3,1,3,1,1,2,1,0,0,0,1
508,5,3,2,2,1,2,2,1,0,0,0,1
509,5,2,1,3,1,1,2,1,0,0,0,1
510,5,3,1,3,1,1,2,1,0,0,0,1
511,1,2,1,2,1,1,2,1,0,0,0,1
512,1,2,1,3,1,1,2,1,0,0,0,1
513,4,4,1,3,1,1,2,1,0,0,0,1
514,4,3,1,3,1,1,2,1,0,0,0,1
515,5,4,1,1,1,2,2,1,0,0,0,1
516,5,3,2,3,1,2,2,1,0,0,0,1
517,5,3,1,3,1,1,2,1,0,0,0,1
518,1,3,1,2,1,2,2,1,0,0,0,1
519,5,2,1,3,1,2,2,1,2,0,0,0
520,4,3,1,3,1,1,2,1,0,0,0,1
521,1,2,1,3,1,1,2,1,1,0,0,1
522,5,4,1,2,1,2,2,1,0,0,0,1
523,5,3,1,2,1,1,2,1,0,0,0,1
524,5,3,1,3,1,2,2,1,0,0,0,1
525,5,2,1,3,1,2,2,1,1,0,0,0
526,4,3,1,2,1,2,2,1,0,0,0,1
527,1,2,2,3,1,2,2,1,0,0,0,1
528,4,1,2,3,1,1,2,1,1,0,0,1
529,3,4,1,3,1,1,1,1,0,0,0,1
530,4,3,1,2,1,1,2,1,0,0,0,1
531,5,4,1,2,1,1,2,1,0,0,0,1
532,5,2,2,2,1,2,2,1,0,0,0,0
533,6,3,1,2,1,2,2,1,0,0,0,1
534,5,2,1,2,1,2,2,1,0,0,0,1
535,2,1,2,3,1,2,2,1,0,0,0,1
536,6,3,1,2,1,1,2,1,0,0,0,1
537,2,3,1,3,1,2,2,1,0,0,0,1
538,6,3,1,3,1,1,2,1,0,0,0,1
539,4,2,1,2,1,2,2,1,1,0,0,0
540,5,4,1,1,1,2,2,1,0,0,0,1
541,1,2,1,3,1,2,2,1,1,0,0,1
542,3,2,2,3,1,2,2,2,1,0,0,1
543,6,3,1,3,1,1,2,1,0,0,0,1
544,1,2,1,2,1,2,2,1,1,0,0,1
545,2,3,2,2,1,2,2,1,1,0,0,1
546,5,4,1,2,1,2,1,1,0,0,0,1
547,4,4,1,2,1,1,2,1,0,0,0,1
548,6,3,1,1,1,2,2,1,0,0,0,1
549,5,2,2,2,1,2,2,1,1,0,0,1
550,3,2,2,2,1,2,2,1,2,0,0,1
551,2,3,1,3,1,2,2,1,0,0,0,0
552,4,3,1,3,1,1,2,1,0,0,0,1
553,5,3,1,3,1,2,2,1,0,0,0,1
554,4,4,1,1,1,2,2,1,0,0,0,1
555,6,2,1,1,1,2,2,1,0,0,0,1
556,3,2,1,2,1,2,2,1,4,0,0,0
557,4,3,1,2,1,1,2,1,0,0,0,1
558,5,4,1,3,1,2,2,1,0,0,0,1
559,6,3,1,3,1,1,2,1,0,0,0,1
560,5,4,1,3,1,1,1,1,0,0,0,1
561,4,4,1,3,1,2,2,1,0,0,0,1
562,1,2,2,3,1,2,2,2,1,1,0,0
563,2,2,1,3,1,2,2,1,1,1,0,1
564,5,4,1,2,1,2,2,1,0,0,0,1
565,4,4,1,2,1,1,2,1,0,0,0,1
566,5,4,1,3,1,1,1,1,0,0,0,1
567,1,2,2,3,1,2,2,1,0,0,0,0
568,2,2,1,3,1,2,2,1,3,0,0,1
569,5,4,1,3,1,2,2,1,0,0,0,1
570,4,4,1,3,1,1,2,1,0,0,0,1
571,6,3,1,3,1,1,2,1,0,0,0,1
572,2,3,2,2,2,2,2,1,0,0,0,1
573,5,4,1,2,1,2,2,1,0,0,0,1
574,5,2,1,3,1,1,2,1,0,0,0,1
575,1,2,1,2,1,2,2,1,1,0,0,0
576,4,4,1,3,1,1,2,1,0,0,0,1
577,1,2,1,2,1,2,2,1,0,0,0,0
578,1,3,1,2,1,2,2,1,1,0,0,1
579,5,4,1,3,1,2,2,1,0,0,0,1
580,5,2,1,3,1,2,2,1,0,0,0,1
581,4,3,1,2,1,1,2,1,0,0,0,1
582,6,3,1,3,1,1,2,1,0,0,0,1
583,1,2,2,2,1,2,2,1,1,0,0,0
584,5,4,1,3,1,2,2,1,0,0,0,1
585,6,3,1,2,1,1,2,1,0,0,0,1
586,6,3,1,2,1,1,2,1,0,0,0,1
587,5,3,1,1,1,2,2,1,0,0,0,1
588,1,2,1,3,1,2,2,1,0,0,0,1
589,4,4,1,3,1,1,2,1,0,0,0,1
590,4,3,1,3,1,1,2,1,0,0,0,1
591,6,3,1,3,1,1,2,1,0,0,0,1
592,5,4,1,2,1,2,1,1,0,0,0,1
593,4,4,2,2,1,2,2,1,0,0,0,1
594,5,3,1,3,1,1,2,1,0,0,0,1
595,1,2,1,3,1,2,2,1,0,0,0,1
596,4,4,1,2,1,1,2,1,0,0,0,1
597,6,3,1,2,1,1,2,1,0,0,0,1
598,4,3,1,2,1,1,2,1,0,0,0,1
599,5,4,1,2,1,2,1,1,0,0,0,1
600,5,4,1,2,1,1,1,1,0,0,0,1
601,1,4,1,2,1,1,2,1,0,0,0,1
602,6,3,1,3,1,1,2,1,0,0,0,1
603,6,2,1,3,1,1,2,1,0,0,0,1
604,6,3,1,3,1,1,2,1,0,0,0,1
605,5,4,1,3,1,2,1,1,0,0,0,1
606,5,3,1,3,1,1,2,1,0,0,0,1
607,1,4,1,3,1,1,2,1,0,0,0,1
608,1,3,1,3,1,2,2,1,0,0,0,1
609,6,3,1,3,1,1,2,1,0,0,0,1
610,5,4,1,2,1,2,1,1,0,0,0,1
611,4,3,1,2,1,1,2,1,0,0,0,1
612,1,3,1,2,1,2,2,1,0,0,0,1
613,4,3,1,3,1,1,2,1,0,0,0,1
614,5,4,1,2,1,2,1,1,0,0,0,1
615,4,4,1,1,1,1,2,1,1,0,0,1
616,5,4,1,1,1,1,2,1,0,0,0,1
617,5,2,1,3,1,1,2,1,1,0,0,1
618,1,4,1,3,1,2,1,1,0,0,0,1
619,6,2,1,2,1,1,2,1,0,0,0,1
620,5,4,1,2,1,1,2,1,0,0,0,1
621,5,3,1,2,1,1,2,1,0,0,0,1
622,1,3,1,3,1,2,2,1,0,0,0,1
623,6,3,2,2,1,1,2,1,0,0,0,1
624,5,4,1,2,1,1,2,1,0,0,0,1
625,4,4,1,2,1,1,2,1,0,0,0,1
626,4,3,1,3,1,1,2,1,0,0,0,1
627,5,3,2,2,1,1,2,1,0,0,0,1
628,6,3,1,1,1,1,2,1,0,0,0,1
629,5,4,1,2,1,1,2,1,0,0,0,1
630,6,3,1,3,1,1,2,1,0,0,0,1
631,4,4,1,2,1,1,2,1,0,0,0,1
632,4,3,1,2,1,1,2,1,0,0,0,1
633,1,4,1,2,1,2,2,1,0,0,0,1
634,2,4,1,3,1,1,2,1,0,0,0,1
635,6,3,1,1,1,1,2,1,0,0,0,1
636,4,4,1,1,1,1,2,1,0,0,0,1
637,5,4,1,2,1,1,2,1,1,0,0,1
638,4,3,1,3,1,1,2,1,0,0,0,1
639,2,4,1,2,1,1,2,1,0,0,0,1
640,6,3,1,3,1,1,2,1,0,0,0,1
641,5,4,1,2,1,1,2,1,1,0,0,1
642,4,3,1,2,1,1,2,1,0,0,0,1
643,6,3,1,1,1,2,2,1,0,0,0,1
644,5,4,1,2,1,1,2,1,0,0,0,1
645,5,3,2,2,1,1,2,1,0,0,0,1
646,6,3,1,3,1,1,2,1,1,0,0,1
647,5,3,1,2,1,1,2,1,0,0,0,1
648,5,4,1,3,1,1,2,1,0,0,0,1
649,5,3,2,3,1,1,2,1,0,0,0,1
650,6,3,2,3,1,1,2,1,0,0,0,1
651,5,3,1,3,1,1,2,1,0,0,0,1
652,6,3,1,2,1,1,2,1,0,0,0,1
653,1,4,1,3,1,1,1,1,0,0,0,1
654,1,4,1,3,1,1,1,1,0,0,0,1
655,1,4,1,2,1,1,1,1,0,0,0,1
656,1,4,1,2,1,1,1,1,0,0,0,1
657,5,4,1,2,1,1,2,1,0,0,0,1
658,4,3,1,2,1,1,2,1,1,0,0,1
659,1,2,1,3,1,1,2,1,0,1,0,1
660,1,3,1,3,1,1,2,1,0,0,0,1
661,5,4,1,2,1,1,1,1,0,0,0,1
662,5,4,1,2,1,1,1,1,0,0,0,1
663,5,3,1,3,1,1,2,1,0,0,0,1
664,5,4,1,2,1,1,1,1,0,0,0,1
665,5,4,1,3,1,1,2,1,0,0,0,1
666,1,2,1,3,1,2,2,1,3,0,0,1
667,5,4,1,2,1,1,2,1,0,0,0,1
668,4,3,1,3,1,1,2,1,0,0,0,1
669,1,2,1,3,1,2,2,1,0,1,0,1
670,1,3,1,3,1,1,2,1,0,0,0,1
671,5,4,1,2,1,1,1,1,0,0,0,1
672,5,4,1,2,1,1,1,1,0,0,0,1
673,5,4,1,2,1,1,2,1,0,0,0,1
674,5,4,1,3,1,1,1,1,2,0,0,1
675,2,3,1,3,1,2,2,1,0,0,0,1
676,5,4,1,2,1,1,2,1,0,0,0,1
677,5,3,2,2,2,2,2,1,1,1,0,1
678,5,4,1,3,1,1,1,1,0,0,0,1
679,5,4,1,3,1,1,1,1,0,0,0,1
680,5,3,1,3,1,1,2,1,3,0,0,1
681,1,2,1,3,1,1,2,1,0,0,0,0
682,5,3,1,2,1,2,2,1,0,0,0,1
683,5,4,1,2,1,1,2,1,0,0,0,1
684,4,3,1,2,1,1,2,1,0,0,0,1
685,5,4,1,1,1,1,2,1,0,0,0,1
686,5,3,1,1,1,1,2,1,0,0,0,1
687,5,3,1,3,1,1,2,1,0,0,0,1
688,4,3,1,2,1,1,2,1,0,0,0,1
689,5,4,1,1,2,2,2,1,0,0,0,1
690,5,3,1,3,1,1,2,1,0,0,0,1
691,3,2,2,3,1,2,2,1,2,0,0,1
692,1,2,1,3,1,2,2,1,3,0,0,1
693,5,4,1,2,1,2,1,1,0,0,0,1
694,4,3,1,3,1,1,2,1,0,0,0,1
695,5,4,1,3,1,1,2,1,0,0,0,1
696,4,3,1,2,1,1,2,1,0,0,0,1
697,5,4,1,3,1,2,2,1,0,0,0,1
698,5,3,1,2,1,1,2,1,0,0,0,1
699,5,3,1,2,1,1,2,1,0,0,0,1
700,3,2,2,3,1,2,2,1,0,0,0,1
701,1,2,1,2,1,2,2,1,0,0,0,1
702,5,4,1,3,1,2,1,1,0,0,0,1
703,4,3,1,3,1,1,2,1,0,0,0,1
704,6,3,1,3,1,1,2,1,0,0,0,1
705,5,4,1,2,1,1,2,1,0,0,0,1
706,4,4,1,1,1,1,2,1,0,0,0,1
707,5,4,1,2,1,2,2,1,0,0,0,1
708,5,4,1,1,1,1,2,1,0,0,0,1
709,5,4,1,2,1,1,2,1,0,0,0,1
710,5,2,2,3,1,2,2,1,0,0,0,1
711,5,4,1,2,1,2,1,1,0,0,0,1
712,4,3,1,2,1,1,2,1,0,0,0,1
713,4,3,1,3,1,1,2,1,0,0,0,1
714,5,4,1,2,1,2,2,1,0,0,0,1
715,5,4,1,1,1,1,2,1,0,0,0,1
716,5,3,1,2,1,2,2,1,3,0,0,1
717,5,3,1,2,1,2,2,1,0,0,0,1
718,5,4,1,2,1,2,1,1,0,0,0,1
719,5,3,1,3,1,1,2,1,0,0,0,1
720,6,3,1,3,1,1,2,1,0,0,0,1
721,5,4,1,2,1,1,2,1,0,0,0,1
722,5,4,1,2,1,1,2,1,0,0,0,1
723,3,2,2,2,1,2,2,1,3,0,0,1
724,5,3,1,2,1,2,2,1,0,0,0,1
725,6,3,1,3,1,1,2,1,0,0,0,1
726,1,2,1,3,1,1,2,1,1,0,0,1
727,4,3,1,3,1,1,2,1,0,0,0,1
728,5,4,1,2,1,2,2,1,0,0,0,1
729,5,4,1,2,1,1,2,1,0,0,0,1
730,5,4,1,3,1,1,2,1,0,0,0,1
731,3,2,2,2,1,2,2,1,0,0,0,1
732,5,3,1,2,1,2,2,1,0,0,0,1
733,6,3,1,1,1,1,2,1,0,0,0,1
734,1,2,1,3,1,2,2,1,0,0,0,1
735,5,3,1,2,1,1,2,1,0,0,0,1
736,5,4,1,2,1,1,2,1,0,0,0,1
737,1,3,1,2,1,2,2,1,0,1,0,1
738,5,3,1,1,1,2,2,1,0,0,0,1
739,1,2,1,3,1,1,2,1,0,0,0,1
740,1,2,1,3,1,1,2,1,0,0,0,1
741,5,2,1,3,1,1,2,1,0,0,0,1
742,5,2,1,3,1,1,2,1,0,0,0,1
743,5,4,1,2,1,1,2,1,0,0,0,1
744,1,3,2,2,3,2,2,1,0,0,0,1
745,5,4,1,2,1,2,1,1,0,0,0,1
746,4,4,1,3,1,1,2,1,0,0,0,1
747,1,2,1,2,1,2,2,1,0,0,0,1
748,3,2,1,3,1,2,2,1,1,0,0,1
749,1,3,1,3,1,2,2,1,0,0,0,1
750,3,2,1,3,1,2,2,1,0,0,0,1
751,5,4,1,3,1,1,1,1,0,0,0,1
752,1,3,1,2,1,2,2,1,0,0,0,1
753,5,3,1,2,1,2,2,1,0,0,0,1
754,5,4,1,3,1,2,1,1,0,0,0,1
755,3,2,2,2,1,2,2,1,0,0,0,1
756,6,3,1,2,1,2,2,1,0,0,0,1
757,3,2,1,2,1,2,2,1,1,0,0,1
758,4,4,1,3,1,1,2,1,1,0,0,1
759,5,4,1,3,1,1,1,1,0,0,0,1
760,5,4,1,1,1,2,2,1,0,0,0,1
761,3,1,1,2,1,2,2,2,0,1,1,0
762,3,1,2,3,1,2,2,2,0,0,0,1
763,1,2,1,3,1,1,2,1,0,2,0,1
764,4,3,1,3,1,1,2,1,0,0,0,1
765,4,4,1,2,1,1,2,1,0,0,0,1
766,6,3,1,3,1,1,2,1,0,0,0,1
767,1,2,1,2,1,2,2,1,1,0,0,1
768,3,1,2,2,3,2,2,2,0,0,0,1
769,3,1,1,3,1,2,2,2,0,0,0,0
770,5,2,1,2,1,1,2,1,0,0,0,1
771,5,4,1,3,1,1,2,1,0,0,0,1
772,5,3,1,3,1,1,2,1,0,0,0,1
773,5,4,1,2,1,1,1,1,0,0,0,1
774,5,4,1,2,1,2,1,1,0,0,0,1
775,5,3,1,1,1,2,2,1,0,0,0,1
776,3,1,2,3,3,2,2,2,1,0,1,1
777,3,2,1,2,1,2,2,2,0,0,0,0
778,4,2,1,2,1,1,2,1,0,0,0,1
779,5,3,1,3,1,1,2,1,0,0,0,1
780,4,3,1,3,1,1,2,1,0,0,0,1
781,5,4,1,3,1,1,1,1,0,0,0,1
782,4,3,1,2,1,1,2,1,0,0,0,1
783,5,4,1,2,1,2,1,1,0,0,0,1
784,5,4,2,2,1,2,2,1,0,0,0,1
785,3,1,2,2,3,2,2,2,2,2,0,1
786,3,2,1,3,1,2,2,2,1,0,0,1
787,3,1,2,2,3,2,2,2,0,0,0,1
788,1,2,1,3,1,2,2,1,0,0,0,1
789,5,4,1,2,1,1,1,1,0,0,0,1
790,4,3,1,3,1,1,2,1,0,0,0,1
791,3,1,2,2,2,2,2,2,4,0,0,1
792,5,4,1,2,1,1,2,1,0,0,0,1
793,1,3,2,2,1,2,2,1,0,0,0,1
794,4,2,1,3,1,2,2,1,0,0,0,1
795,5,4,1,2,1,1,1,1,0,0,0,1
796,4,4,1,3,1,1,2,1,0,0,0,1
797,5,3,1,3,1,1,2,1,0,0,0,1
798,4,4,1,2,1,1,1,1,0,0,0,1
799,3,1,2,2,2,2,2,2,0,0,0,1
800,5,2,2,2,1,2,2,1,2,0,0,0
801,5,4,1,3,1,1,2,1,0,0,0,1
802,5,3,1,3,1,2,2,1,0,0,0,1
803,1,2,1,2,1,2,2,1,0,0,0,1
804,1,4,1,3,1,1,1,1,0,0,0,1
805,5,3,1,2,1,1,2,1,0,0,0,1
806,5,4,1,2,1,1,1,1,0,0,0,1
807,5,3,1,3,1,1,2,1,0,0,0,1
808,3,1,2,3,1,2,2,2,2,1,0,1
809,1,2,2,2,1,2,2,1,0,0,0,0
810,5,3,1,2,1,2,2,1,0,0,0,1
811,1,4,1,2,1,1,1,1,0,0,0,1
812,6,3,1,3,1,1,2,1,0,0,0,1
813,5,4,1,3,1,1,1,1,0,0,0,1
814,1,3,1,3,1,1,2,1,0,0,0,1
815,2,3,1,3,1,2,2,1,0,0,0,1
816,3,1,2,2,1,2,2,1,0,0,0,1
817,1,2,1,2,1,2,2,1,0,0,0,0
818,5,3,1,2,1,2,2,1,0,0,0,1
819,1,2,1,1,1,2,2,1,1,1,0,1
820,1,4,1,2,1,1,1,1,0,0,0,1
821,5,4,1,2,1,1,1,1,0,0,0,1
822,1,3,1,2,1,1,2,1,0,0,0,1
823,2,3,1,3,1,2,2,1,0,0,0,1
824,5,3,1,3,1,1,2,1,0,0,0,1
825,5,4,1,1,1,2,2,1,0,0,0,1
826,5,4,1,3,1,1,1,1,0,0,0,1
827,4,3,1,3,1,1,2,1,0,0,0,1
828,1,2,2,3,2,1,2,1,0,0,0,1
829,5,4,1,2,1,1,1,1,0,0,0,1
830,4,3,1,3,1,1,2,1,1,0,0,1
831,4,3,1,2,1,1,2,1,0,0,0,1
832,2,3,1,2,1,2,2,1,0,0,0,1
833,5,3,1,2,1,1,2,1,0,0,0,1
834,1,2,1,2,1,2,2,1,0,0,0,1
835,5,4,1,2,1,1,1,1,1,0,0,1
836,5,3,1,3,1,1,2,1,0,0,0,1
837,5,4,1,2,1,1,2,1,0,0,0,1
838,6,3,1,1,1,1,2,1,0,0,0,1
839,1,3,1,2,1,2,2,1,4,1,0,1
840,5,4,1,3,1,1,1,1,1,0,0,1
841,2,3,1,3,1,2,2,1,0,0,0,1
842,1,2,2,2,1,2,2,1,0,0,0,1
843,5,3,1,3,1,1,2,1,0,0,0,1
844,5,4,1,1,1,1,1,1,0,0,0,1
845,5,4,1,2,1,1,2,1,0,0,0,1
846,5,4,1,2,2,2,2,1,0,0,0,1
847,5,4,2,2,1,1,2,1,0,0,0,1
848,5,4,1,2,1,1,1,1,0,0,0,1
849,5,4,2,2,1,1,2,1,0,0,0,1
850,5,3,1,2,1,2,2,1,0,0,0,1
851,4,4,1,2,1,1,2,1,0,0,0,1
852,6,3,1,1,1,1,2,1,0,0,0,1
853,1,3,1,2,1,1,2,1,1,0,0,1
854,6,2,1,2,1,1,2,1,0,0,0,1
855,5,4,1,3,1,1,2,1,0,0,0,1
856,6,3,1,3,1,1,2,1,0,0,0,1
857,1,2,2,3,1,1,2,1,2,0,0,1
858,6,3,1,3,1,1,2,1,0,0,0,1
859,1,2,2,2,1,1,2,1,8,0,0,1
860,4,4,1,2,1,1,2,1,0,0,0,1
861,4,3,1,2,1,1,2,1,0,0,0,1
862,4,3,1,3,1,1,2,1,0,0,0,1
863,1,3,1,3,1,1,2,1,1,0,0,1
864,6,3,1,3,1,1,2,1,0,0,0,1
865,1,2,1,3,1,2,2,1,0,0,0,1
866,4,3,1,3,1,1,2,1,0,0,0,1
867,5,3,1,2,1,1,2,1,3,0,0,1
868,5,3,1,2,1,2,2,1,0,0,0,1
869,1,2,1,2,1,2,2,2,1,0,0,0
870,1,4,1,2,1,2,2,1,0,0,0,1
871,5,3,2,3,1,2,2,1,0,0,0,1
872,5,4,1,2,1,1,1,1,0,0,0,1
873,1,2,1,2,1,2,2,1,1,0,0,1
874,5,3,2,2,1,1,2,1,1,0,0,1
875,4,3,1,3,1,1,2,1,0,0,0,1
876,5,2,1,2,1,2,2,1,0,0,0,1
877,5,3,2,3,1,1,2,1,0,0,0,1
878,6,3,1,3,1,1,2,1,0,0,0,1
879,5,3,1,2,1,2,2,1,0,0,0,1
880,5,3,1,3,1,1,2,1,0,0,0,1
881,2,3,1,3,1,1,2,1,0,0,0,1
882,6,3,1,1,1,1,2,1,0,0,0,1
883,5,3,1,2,1,1,2,1,2,0,0,1
884,5,4,2,2,1,1,1,1,0,0,0,1
885,3,1,1,3,1,2,2,1,0,1,0,1
886,4,4,1,1,1,2,2,1,0,0,0,1
887,5,4,1,2,1,1,1,1,0,0,0,1
888,5,4,1,3,1,1,1,1,0,0,0,1
889,5,3,2,2,1,1,2,1,0,0,0,1
890,5,4,1,3,1,1,2,1,1,0,0,1
891,5,4,1,2,1,1,2,1,0,0,0,1
892,3,1,2,3,1,2,2,2,0,0,0,0
893,4,2,1,3,1,1,2,1,0,0,0,1
894,4,2,1,3,1,1,2,1,0,0,0,1
895,4,3,1,3,1,1,2,1,0,0,0,1
896,1,2,1,3,1,1,2,1,0,1,0,1
897,5,3,1,3,1,1,2,1,1,0,0,1
898,5,4,2,2,1,1,2,1,0,0,0,1
899,4,2,1,3,1,1,2,1,1,0,0,1
900,5,2,2,2,1,2,2,1,0,0,0,1
901,1,2,2,2,1,2,2,1,1,0,1,0
902,4,3,1,3,1,1,2,1,0,0,0,1
903,4,1,1,3,1,2,2,1,1,0,0,1
904,5,4,1,1,1,2,2,1,0,0,0,1
905,4,3,1,2,1,1,2,1,0,0,0,1
906,6,2,1,3,1,1,2,1,0,0,0,1
907,5,4,1,1,1,1,2,1,0,0,0,1
908,4,3,1,3,1,1,2,1,0,0,0,1
909,5,3,1,2,1,2,2,1,0,0,0,1
910,6,3,2,1,1,2,2,1,0,0,0,1
911,6,3,1,2,1,1,2,1,0,0,0,1
912,4,3,1,1,1,1,2,1,0,0,0,1
913,5,4,1,3,1,1,2,1,0,0,0,1
914,4,4,1,3,1,1,2,1,0,0,0,1
915,4,3,1,2,1,2,2,1,0,0,0,1
916,1,2,2,2,1,2,2,1,0,0,0,1
917,1,3,1,2,1,2,2,1,0,0,0,1
918,6,3,1,3,1,1,2,1,0,0,0,1
919,5,4,1,2,1,2,2,1,0,0,0,1
920,1,2,2,3,3,2,2,1,2,0,0,1
921,1,4,1,2,1,2,2,1,0,0,0,1
922,6,3,1,3,1,1,2,1,0,0,0,1
923,1,2,2,2,1,2,2,1,0,1,0,1
924,4,4,1,2,1,1,2,1,0,0,0,1
925,4,4,1,2,1,1,2,1,0,0,0,1
926,6,3,1,3,1,1,2,1,0,0,0,1
927,6,3,1,3,1,1,2,1,0,0,0,1
928,5,4,1,2,1,1,1,1,0,0,0,1
929,6,3,1,3,1,1,2,1,0,0,0,1
930,5,3,1,3,1,1,2,1,1,0,0,1
931,4,3,1,3,1,1,2,1,0,0,0,1
932,6,3,1,3,1,1,2,1,0,0,0,1
933,4,3,1,2,1,1,2,1,1,0,0,1
934,1,1,2,3,1,2,2,1,0,0,0,1
935,1,3,1,3,1,1,2,1,0,0,0,1
936,5,4,1,3,1,1,2,1,0,0,0,1
937,1,3,1,1,1,2,2,1,0,0,0,1
938,4,3,2,2,1,1,2,1,0,0,0,1
939,5,4,1,3,1,1,2,1,0,0,0,1
940,4,2,1,3,1,2,2,1,0,0,0,1
941,1,4,1,2,1,1,1,1,0,0,0,1
942,1,2,2,3,1,2,2,1,2,0,0,1
943,2,4,1,3,1,2,1,1,0,0,0,1
944,1,2,1,2,1,1,2,1,0,0,0,1
945,6,3,1,3,1,1,2,1,0,0,0,1
946,5,4,1,2,1,1,2,1,0,0,0,1
947,1,2,2,2,1,2,2,1,3,0,0,1
948,5,4,1,3,1,1,1,1,0,0,0,1
949,4,3,1,3,1,1,2,1,0,0,0,1
950,1,1,2,2,1,2,2,1,0,0,0,1
951,1,3,1,3,1,2,2,1,0,0,0,1
952,4,2,2,3,1,2,2,1,1,0,0,1
953,5,4,1,2,1,2,1,1,0,0,0,1
954,1,2,2,2,1,2,2,1,3,0,0,0
955,4,3,1,2,1,2,2,1,0,0,0,1
956,1,2,2,3,3,2,2,1,1,0,0,1
957,1,2,1,2,1,2,2,1,0,0,0,1
958,5,4,1,2,1,2,1,1,0,0,0,1
959,4,3,1,3,1,1,2,1,0,0,0,1
960,4,3,1,2,1,2,2,1,0,0,0,1
961,5,4,2,2,1,1,1,1,1,0,0,1
962,1,2,2,3,1,2,2,1,0,0,0,1
963,4,3,1,1,1,2,2,1,0,0,0,1
964,5,4,1,2,1,1,2,1,0,0,0,1
965,5,4,1,2,1,2,1,1,0,0,0,1
966,1,2,1,2,1,2,2,1,0,0,0,1
967,4,4,1,2,1,2,1,1,0,0,0,1
968,5,3,1,3,1,1,2,1,0,0,0,1
969,1,3,1,3,1,2,2,1,0,0,0,1
970,1,2,1,3,1,2,2,1,1,0,0,1
971,5,4,1,3,1,1,2,1,0,0,0,1
972,5,3,2,2,1,1,2,1,0,0,0,0
973,5,3,2,2,3,2,2,1,0,0,0,1
974,4,2,1,3,1,1,2,1,0,0,0,1
975,5,2,1,3,1,1,2,1,0,0,0,1
976,4,3,1,2,1,2,2,1,0,0,0,1
977,5,3,1,2,1,1,2,1,0,0,0,1
978,1,2,1,2,1,1,2,1,0,0,0,1
979,5,3,1,3,1,1,2,1,6,0,0,1
980,5,4,1,1,1,1,2,1,0,0,0,1
981,1,4,1,1,1,2,2,1,0,0,0,1
982,4,4,1,2,1,1,2,1,0,0,0,1
983,4,4,1,3,1,2,2,1,0,0,0,1
984,2,3,1,2,1,2,2,1,1,0,0,0
985,4,4,1,2,1,1,2,1,0,0,0,1
986,6,3,1,2,1,2,2,1,0,0,0,1
987,3,2,1,2,1,2,2,1,1,0,0,0
988,6,2,1,3,1,1,2,1,0,0,0,1
989,2,2,2,3,1,2,2,1,0,0,0,1
990,4,4,1,2,1,1,2,1,0,0,0,1
991,4,4,1,3,1,2,2,1,0,0,0,1
992,5,4,1,3,1,1,1,1,0,0,0,1
993,1,2,2,2,3,2,2,1,0,0,0,0
994,4,4,1,2,1,1,2,1,0,0,0,1
995,2,3,2,2,1,2,2,1,1,0,0,1
996,5,4,1,3,1,2,2,1,0,0,0,1
997,5,2,1,3,1,1,2,1,0,0,0,1
998,1,3,1,3,1,2,2,1,0,0,0,1
999,6,3,1,3,1,1,2,1,0,0,0,1
1000,6,2,1,3,1,1,2,1,0,0,0,1
1001,6,2,1,3,1,1,2,1,0,0,0,1
1002,1,3,1,2,1,2,2,1,0,0,0,1
1003,4,3,1,3,1,1,2,1,0,0,0,1
1004,5,4,1,3,1,1,2,1,0,0,0,1
1005,6,3,2,2,1,2,2,1,2,0,0,1
1006,6,3,1,3,1,1,2,1,0,0,0,1
1007,1,4,1,2,1,2,2,1,0,0,0,1
1008,1,4,1,3,1,2,2,1,0,0,0,1
1009,6,3,1,2,1,2,2,1,0,0,0,1
1010,5,4,1,3,1,1,1,1,0,0,0,1
1011,5,4,1,3,1,1,2,1,0,0,0,1
1012,1,2,1,3,1,2,2,1,2,0,0,1
1013,6,3,1,3,1,1,2,1,0,0,0,1
1014,4,3,2,2,1,1,2,1,0,0,0,1
1015,4,3,1,2,1,1,2,1,0,0,0,1
1016,5,3,2,2,3,2,2,1,0,0,0,1
1017,1,2,2,3,1,1,2,1,3,0,0,1
1018,1,3,1,3,1,2,2,1,0,0,0,1
1019,5,4,1,2,1,2,1,1,0,0,0,1
1020,5,4,1,2,1,1,2,1,0,0,0,1
1021,5,3,1,3,1,1,2,1,0,0,0,1
1022,6,3,1,2,1,1,2,1,1,0,0,1
1023,1,2,2,2,1,2,2,1,1,0,0,1
1024,5,3,1,3,1,1,2,1,2,2,0,1
1025,5,4,1,2,1,1,2,1,0,0,0,1
1026,5,3,2,3,3,1,2,1,0,0,0,1
1027,5,4,1,3,1,2,2,1,0,0,0,1
1028,5,4,1,3,1,2,1,1,0,0,0,1
1029,5,3,2,2,2,1,2,1,0,0,0,1
1030,5,4,1,3,1,2,1,1,0,0,0,1
1031,4,3,1,3,1,1,2,1,0,0,0,1
1032,5,4,1,2,1,2,2,1,0,0,0,1
1033,5,4,1,3,1,2,1,1,0,0,0,1
1034,4,4,1,2,1,1,2,1,0,0,0,1
1035,1,1,2,2,1,2,2,1,0,0,0,1
1036,5,3,1,3,1,2,2,1,0,0,0,1
1037,3,2,1,3,1,2,2,2,0,0,0,1
1038,4,4,1,3,1,1,2,1,0,0,0,1
1039,3,2,1,3,1,2,2,1,1,0,0,1
1040,5,4,1,3,1,2,1,1,0,0,0,1
1041,1,2,1,2,1,2,2,1,0,0,0,1
1042,5,4,1,2,1,2,1,1,0,0,0,1
1043,3,1,2,3,1,2,2,2,1,3,2,1
1044,1,2,1,3,1,1,2,1,0,0,0,1
1045,6,3,1,3,1,1,2,1,0,0,0,1
1046,3,1,2,3,3,2,2,2,0,5,1,1
1047,1,3,1,3,1,2,2,1,1,0,0,1
1048,5,3,1,2,1,1,2,1,0,0,0,1
1049,4,2,1,3,1,1,2,1,0,0,0,1
1050,5,4,1,3,1,2,2,1,0,0,0,1
1051,1,2,1,2,1,2,2,1,3,0,0,1
1052,5,2,1,3,1,1,2,1,1,0,0,1
1053,5,4,1,2,1,2,1,1,0,0,0,1
1054,1,2,1,2,1,2,2,1,0,0,0,1
1055,5,3,1,3,1,1,2,1,2,1,0,1
1056,5,2,1,3,1,2,2,1,0,0,0,0
1057,6,2,1,2,1,1,2,1,0,0,0,1
1058,2,3,1,2,1,2,2,1,0,0,0,1
1059,5,3,1,3,1,2,2,1,0,0,0,1
1060,5,4,1,3,1,1,1,1,0,0,0,1
1061,5,4,1,2,1,1,2,1,0,0,0,1
1062,5,4,1,2,1,1,2,1,1,0,0,1
1063,5,4,1,2,1,1,2,1,1,0,0,1
1064,5,3,1,2,1,2,2,1,0,0,0,1
1065,4,3,1,3,1,1,2,1,0,0,0,1
